[
  {
    "heading": "Ashton Gardens Corinth by Walters Wedding Estates",
    "guestCapacity": "Up to 300",
    "socialLinks": [
      "https://www.facebook.com/ashton.gardensdallas",
      "http://www.instagram.com/ashtongardensdallas",
      "http://www.pinterest.com/WaltersWeddingEstates",
      "https://waltersweddingestates.com/venues/ashton-gardens-corinth/?utm_source=theknot.com&utm_medium=referral&utm_campaign=theknot"
    ],
    "address": "2001 Ashton Gardens Lane, Corinth, TX",
    "phoneNumber": "+1(940) 498-4273",
    "emailAddresses": [
      "corinth@waltersweddingestates.com"
    ],
    "websiteLink": "https://waltersweddingestates.com/venues/ashton-gardens-corinth/?utm_source=theknot.com&utm_medium=referral&utm_campaign=theknot",
    "knotPageLink": "https://www.theknot.com/marketplace/ashton-gardens-corinth-by-walters-wedding-estates-corinth-tx-336165"
  },
  {
    "heading": "The Milestone | Aubrey by Walters Wedding Estates",
    "guestCapacity": "300+",
    "socialLinks": [
      "https://www.facebook.com/themilestoneestates/",
      "http://www.instagram.com/themilestoneaubrey",
      "http://www.pinterest.com/waltersweddingestates",
      "https://themilestone.com/dallasfort-worth?utm_source=theknot.com&utm_medium=referral&utm_campaign=theknot"
    ],
    "address": "1301 W Sherman Drive, Aubrey, TX",
    "phoneNumber": "+1(972) 317-7464",
    "emailAddresses": [
      "aubrey@waltersweddingestates.com",
      "info@waltersweddingestates.com"
    ],
    "websiteLink": "https://themilestone.com/dallasfort-worth?utm_source=theknot.com&utm_medium=referral&utm_campaign=theknot",
    "knotPageLink": "https://www.theknot.com/marketplace/the-milestone-|-aubrey-by-walters-wedding-estates-aubrey-tx-2031685"
  },
  {
    "heading": "Chapel at Ana Villa by Walters Wedding Estates",
    "guestCapacity": "300+",
    "socialLinks": [
      "https://www.facebook.com/chapelatanavilla",
      "http://www.instagram.com/chapelanavilla",
      "http://www.pinterest.com/waltersweddingestates",
      "http://www.ChapelAnaVilla.com?utm_source=theknot.com&utm_medium=referral&utm_campaign=theknot"
    ],
    "address": "5921 Stone Creek Dr., The Colony, TX",
    "phoneNumber": "+1(972) 317-7464",
    "emailAddresses": [
      "info@chapelanavilla.com",
      "thecolony@waltersweddingestates.com"
    ],
    "websiteLink": "http://www.ChapelAnaVilla.com?utm_source=theknot.com&utm_medium=referral&utm_campaign=theknot",
    "knotPageLink": "https://www.theknot.com/marketplace/chapel-at-ana-villa-by-walters-wedding-estates-the-colony-tx-2051042"
  },
  {
    "heading": "The Springs in Rockwall",
    "guestCapacity": "300+",
    "socialLinks": [
      "https://www.facebook.com/SpringsVenueRockwall/",
      "http://www.instagram.com/springsvenue",
      "http://www.pinterest.com/SpringsVenue",
      "https://springsvenue.com/rockwall/?utm_source=theknot.com&utm_medium=referral&utm_campaign=theknot"
    ],
    "address": "10227 CR 2426, Terrell, TX",
    "phoneNumber": "+1(972) 210-9250",
    "emailAddresses": [
      "rockwall@thespringsevents.com"
    ],
    "websiteLink": "https://springsvenue.com/rockwall/?utm_source=theknot.com&utm_medium=referral&utm_campaign=theknot",
    "knotPageLink": "https://www.theknot.com/marketplace/the-springs-in-rockwall-terrell-tx-2000407"
  },
  {
    "heading": "Tuscan Oaks Estate",
    "guestCapacity": "Up to 200",
    "socialLinks": [
      "https://www.facebook.com/tuscanoaksestate",
      "http://www.instagram.com/tuscanoaksestate",
      "http://www.pinterest.com/https://www.pinterest.com/tuscanoaksestate",
      "http://www.tuscanoaksestate.com?utm_source=theknot.com&utm_medium=referral&utm_campaign=theknot"
    ],
    "address": "dallas, fortworth, weatherford",
    "phoneNumber": "+1(817) 231-0182",
    "emailAddresses": [
      "leads-tuscan-oaks-estate@weven.co"
    ],
    "websiteLink": "http://www.tuscanoaksestate.com?utm_source=theknot.com&utm_medium=referral&utm_campaign=theknot",
    "knotPageLink": "https://www.theknot.com/marketplace/tuscan-oaks-estate-weatherford-tx-995176"
  },
  {
    "heading": "The Springs in Valley View Mansion",
    "guestCapacity": "Up to 250",
    "socialLinks": [
      "https://www.facebook.com/SpringsVenueValleyView/",
      "http://www.instagram.com/SpringsVenue",
      "http://www.pinterest.com/SpringsVenue",
      "https://springsvenue.com/valley-view/?utm_source=theknot.com&utm_medium=referral&utm_campaign=theknot"
    ],
    "address": "7794 E. FM 922, Valley View, TX",
    "phoneNumber": "+1(940) 435-2793",
    "emailAddresses": [
      "valleyview@thespringsevents.com"
    ],
    "websiteLink": "https://springsvenue.com/valley-view/?utm_source=theknot.com&utm_medium=referral&utm_campaign=theknot",
    "knotPageLink": "https://www.theknot.com/marketplace/the-springs-in-valley-view-mansion-valley-view-tx-2036983"
  },
  {
    "heading": "Aristide | McKinney by Walters Wedding Estates",
    "guestCapacity": "300+",
    "socialLinks": [
      "https://www.facebook.com/aristidemckinney",
      "http://www.instagram.com/aristidemckinney",
      "http://www.pinterest.com/waltersweddingestates",
      "https://aristideevents.com/venue/mckinney?utm_source=theknot.com&utm_medium=referral&utm_campaign=theknot"
    ],
    "address": "6200 TPC Dr, McKinney, TX",
    "phoneNumber": "+1(972) 317-7464",
    "emailAddresses": [
      "mckinney@waltersweddingestates.com"
    ],
    "websiteLink": "https://aristideevents.com/venue/mckinney?utm_source=theknot.com&utm_medium=referral&utm_campaign=theknot",
    "knotPageLink": "https://www.theknot.com/marketplace/aristide-|-mckinney-by-walters-wedding-estates-mckinney-tx-2051058"
  },
  {
    "heading": "Oak Knoll Ranch",
    "guestCapacity": "300+",
    "socialLinks": [
      "https://www.facebook.com/oakknollranch",
      "http://www.oakknollranch.com?utm_source=theknot.com&utm_medium=referral&utm_campaign=theknot"
    ],
    "address": "DFW area",
    "phoneNumber": "+1(214) 601-3187",
    "emailAddresses": [
      "oakknollranch@live.com"
    ],
    "websiteLink": "http://www.oakknollranch.com?utm_source=theknot.com&utm_medium=referral&utm_campaign=theknot",
    "knotPageLink": "https://www.theknot.com/marketplace/oak-knoll-ranch-dallas-tx-594069"
  },
  {
    "heading": "34 Events & Catering",
    "guestCapacity": "Up to 300",
    "socialLinks": [
      "https://www.facebook.com/34events/",
      "http://www.34events.com?utm_source=theknot.com&utm_medium=referral&utm_campaign=theknot"
    ],
    "address": "1017 EAST 15TH ST, Plano, TX",
    "phoneNumber": "+1(469) 855-1849",
    "emailAddresses": [
      "contact@34events.com"
    ],
    "websiteLink": "http://www.34events.com?utm_source=theknot.com&utm_medium=referral&utm_campaign=theknot",
    "knotPageLink": "https://www.theknot.com/marketplace/34-events-and-catering-plano-tx-872161"
  },
  {
    "heading": "Arrowwood Weddings + Events",
    "guestCapacity": "Up to 200",
    "socialLinks": [
      "https://www.facebook.com/arrowwoodevents/",
      "http://www.instagram.com/arrowwoodevents",
      "http://www.arrowwoodevents.com?utm_source=theknot.com&utm_medium=referral&utm_campaign=theknot"
    ],
    "address": "545 Loma Linda Rd, Palmer, TX",
    "phoneNumber": "+1(817) 513-4939",
    "emailAddresses": [
      "info@arrowwoodevents.com"
    ],
    "websiteLink": "http://www.arrowwoodevents.com?utm_source=theknot.com&utm_medium=referral&utm_campaign=theknot",
    "knotPageLink": "https://www.theknot.com/marketplace/arrowwood-weddings-+-events-palmer-tx-2006430"
  },
  {
    "heading": "Texas Discovery Gardens",
    "guestCapacity": "Up to 300",
    "socialLinks": [
      "https://www.facebook.com/TexasDiscoveryGardens/",
      "http://www.twitter.com/texasdiscovery",
      "http://www.instagram.com/texasdiscoverygardens",
      "https://txdg.org/wedding?utm_source=theknot.com&utm_medium=referral&utm_campaign=theknot"
    ],
    "address": "3601 Martin Luther King Jr Blvd, Dallas, TX",
    "phoneNumber": "+1(214) 702-5013",
    "emailAddresses": [
      "teresa@txdg.org"
    ],
    "websiteLink": "https://txdg.org/wedding?utm_source=theknot.com&utm_medium=referral&utm_campaign=theknot",
    "knotPageLink": "https://www.theknot.com/marketplace/texas-discovery-gardens-dallas-tx-280269"
  },
  {
    "heading": "Knotting Hill Place",
    "guestCapacity": "Up to 300",
    "socialLinks": [
      "http://www.facebook.com/knottinghillplace",
      "http://www.twitter.com/TheKnottingHill",
      "http://www.instagram.com/knotting_hill_place",
      "http://www.pinterest.com/knottinghillplace",
      "http://www.knottinghillplace.com"
    ],
    "address": "DFW",
    "phoneNumber": "+1(469) 444-7844",
    "emailAddresses": [
      "info@knottinghillplace.com"
    ],
    "websiteLink": "http://www.knottinghillplace.com",
    "knotPageLink": "https://www.theknot.com/marketplace/knotting-hill-place-little-elm-tx-1063702"
  },
  {
    "heading": "The Pines of Alvarado",
    "guestCapacity": "Up to 200",
    "socialLinks": [
      "https://www.facebook.com/thepinesofalvarado",
      "http://www.instagram.com/thepinesofalvarado/",
      "https://www.thepinesofalvarado.com?utm_source=theknot.com&utm_medium=referral&utm_campaign=theknot"
    ],
    "address": "301 South County Rd 810, Alvarado, TX",
    "phoneNumber": "+1(817) 240-4122",
    "emailAddresses": [
      "kylie@thepinesofalvarado.com"
    ],
    "websiteLink": "https://www.thepinesofalvarado.com?utm_source=theknot.com&utm_medium=referral&utm_campaign=theknot",
    "knotPageLink": "https://www.theknot.com/marketplace/the-pines-of-alvarado-alvarado-tx-2044890"
  },
  {
    "heading": "Firefly Gardens",
    "guestCapacity": "Up to 250",
    "socialLinks": [
      "https://www.facebook.com/firefly-gardens-668061446630327/?ref=aymt_homepage_panel",
      "http://www.instagram.com/fireflygardens/",
      "http://fireflygardensvenue.com?utm_source=theknot.com&utm_medium=referral&utm_campaign=theknot"
    ],
    "address": "5410 Hwy 287, Midlothian, TX",
    "phoneNumber": "+1(214) 399-5129",
    "emailAddresses": [
      "fireflygardensmidlothian@gmail.com"
    ],
    "websiteLink": "http://fireflygardensvenue.com?utm_source=theknot.com&utm_medium=referral&utm_campaign=theknot",
    "knotPageLink": "https://www.theknot.com/marketplace/firefly-gardens-midlothian-tx-984784"
  },
  {
    "heading": "Avalon Legacy Ranch",
    "guestCapacity": "Up to 200",
    "socialLinks": [
      "https://www.facebook.com/avalonlegacyranch/",
      "http://www.instagram.com/avalonlegacyranch",
      "http://avalonlegacyranch.com?utm_source=theknot.com&utm_medium=referral&utm_campaign=theknot"
    ],
    "address": "2022 Wayside Trail, Mckinney, TX",
    "phoneNumber": "+1(469) 450-6211",
    "emailAddresses": [
      "thegreatkarly@gmail.com",
      "hello@avalonlegacyranch.com"
    ],
    "websiteLink": "http://avalonlegacyranch.com?utm_source=theknot.com&utm_medium=referral&utm_campaign=theknot",
    "knotPageLink": "https://www.theknot.com/marketplace/avalon-legacy-ranch-mckinney-tx-646120"
  },
  {
    "heading": "Hidden Pines | Hurst by Walters Wedding Estates",
    "guestCapacity": "Up to 150",
    "socialLinks": [
      "https://www.facebook.com/hiddenpineshurst",
      "http://www.instagram.com/HiddenPinesHurst",
      "http://www.pinterest.com/WaltersWeddingEstates",
      "https://hiddenpineschapel.com/venues/hurst?utm_source=theknot.com&utm_medium=referral&utm_campaign=theknot"
    ],
    "address": "1843 Precinct Line Road, Hurst, TX",
    "phoneNumber": "+1(972) 317-7464",
    "emailAddresses": [
      "hurst@waltersweddingestates.com"
    ],
    "websiteLink": "https://hiddenpineschapel.com/venues/hurst?utm_source=theknot.com&utm_medium=referral&utm_campaign=theknot",
    "knotPageLink": "https://www.theknot.com/marketplace/hidden-pines-|-hurst-by-walters-wedding-estates-hurst-tx-2051036"
  },
  {
    "heading": "Century Hall",
    "guestCapacity": "Up to 250",
    "socialLinks": [
      "https://www.facebook.com/thecenturyhall/",
      "http://www.twitter.com/thecenturyhall",
      "http://www.instagram.com/thecenturyhall",
      "http://thecenturyhall.com/?utm_source=theknot.com&utm_medium=referral&utm_campaign=theknot"
    ],
    "address": "901 HOUSTON ST., Fort Worth, TX",
    "phoneNumber": "+1(817) 600-0541",
    "emailAddresses": [
      "info@thecenturyhall.com"
    ],
    "websiteLink": "http://thecenturyhall.com/?utm_source=theknot.com&utm_medium=referral&utm_campaign=theknot",
    "knotPageLink": "https://www.theknot.com/marketplace/century-hall-fort-worth-tx-2009621"
  },
  {
    "heading": "The Gardenia Wedding & Event Venue",
    "guestCapacity": "Up to 300",
    "socialLinks": [
      "https://www.facebook.com/thegardeniavenue",
      "http://www.instagram.com/thegardeniavenue",
      "https://thegardeniavenue.com/?utm_source=theknot.com&utm_medium=referral&utm_campaign=theknot"
    ],
    "address": "DFW area",
    "phoneNumber": "+1(817) 623-5300",
    "emailAddresses": [
      "info@thegardeniavenue.com"
    ],
    "websiteLink": "https://thegardeniavenue.com/?utm_source=theknot.com&utm_medium=referral&utm_campaign=theknot",
    "knotPageLink": "https://www.theknot.com/marketplace/the-gardenia-wedding-and-event-venue-valley-view-tx-2039813"
  },
  {
    "heading": "D'Vine Grace Vineyard",
    "guestCapacity": "300+",
    "socialLinks": [
      "http://facebook.com/dvinegracevineyard",
      "http://www.instagram.com/dvinegracevineyard",
      "http://www.pinterest.com/dvinegracevineyard",
      "http://www.dvinegrace.com?utm_source=theknot.com&utm_medium=referral&utm_campaign=theknot"
    ],
    "address": "3747 Grace Ranch Trail, McKinney, TX",
    "phoneNumber": "+1(469) 813-8550",
    "emailAddresses": [
      "team@dvinegrace.com"
    ],
    "websiteLink": "http://www.dvinegrace.com?utm_source=theknot.com&utm_medium=referral&utm_campaign=theknot",
    "knotPageLink": "https://www.theknot.com/marketplace/dvine-grace-vineyard-mckinney-tx-1032499"
  },
  {
    "heading": "The Cinnamon Barn",
    "guestCapacity": "Up to 250",
    "socialLinks": [
      "http://www.instagram.com/thecinnamonbarntx",
      "https://thecinnamonbarn.com/?utm_source=theknot.com&utm_medium=referral&utm_campaign=theknot"
    ],
    "address": "3663 FM 3364, Princeton, Texas, TX",
    "phoneNumber": "+1(214) 336-2196",
    "emailAddresses": [
      "info@thecinnamonbarn.com"
    ],
    "websiteLink": "https://thecinnamonbarn.com/?utm_source=theknot.com&utm_medium=referral&utm_campaign=theknot",
    "knotPageLink": "https://www.theknot.com/marketplace/the-cinnamon-barn-princeton-texas-tx-2059857"
  },
  {
    "heading": "Cottonwood Barn",
    "guestCapacity": "300+",
    "socialLinks": [
      "https://www.facebook.com/CottonwoodBarnWeddingVenue/",
      "http://www.instagram.com/cottonwoodbarnvenue",
      "https://www.cottonwoodbarnvenue.com/?utm_source=theknot.com&utm_medium=referral&utm_campaign=theknot"
    ],
    "address": "1158 County Road 42200, Paris, TX",
    "phoneNumber": "+1(903) 715-3911",
    "emailAddresses": [
      "weddings@cottonwoodbarnvenue.com"
    ],
    "websiteLink": "https://www.cottonwoodbarnvenue.com/?utm_source=theknot.com&utm_medium=referral&utm_campaign=theknot",
    "knotPageLink": "https://www.theknot.com/marketplace/cottonwood-barn-paris-tx-2061351"
  },
  {
    "heading": "Parsons Castle",
    "guestCapacity": "300+",
    "socialLinks": [
      "https://www.facebook.com/parsonscastle1/",
      "http://www.instagram.com/https://www.instagram.com/parsonscastle/",
      "http://www.parsonscastle.com?utm_source=theknot.com&utm_medium=referral&utm_campaign=theknot"
    ],
    "address": "119 Private Road 1820, Clifton, TX",
    "phoneNumber": "+1(254) 640-6167",
    "emailAddresses": [
      "events@parsonscastle.com"
    ],
    "websiteLink": "http://www.parsonscastle.com?utm_source=theknot.com&utm_medium=referral&utm_campaign=theknot",
    "knotPageLink": "https://www.theknot.com/marketplace/parsons-castle-clifton-tx-2007484"
  },
  {
    "heading": "The Windsor at Hebron Park",
    "guestCapacity": "Up to 250",
    "socialLinks": [
      "https://www.facebook.com/thewindsorparkdallas",
      "http://www.instagram.com/windsorparkdallas",
      "https://www.windsorparkdallas.com/?utm_source=theknot.com&utm_medium=referral&utm_campaign=theknot"
    ],
    "address": "3016 E. Hebron Parkway, Carrollton, TX",
    "phoneNumber": "+1(972) 306-3300",
    "emailAddresses": [
      "info@windsorparkdallas.com"
    ],
    "websiteLink": "https://www.windsorparkdallas.com/?utm_source=theknot.com&utm_medium=referral&utm_campaign=theknot",
    "knotPageLink": "https://www.theknot.com/marketplace/the-windsor-at-hebron-park-carrollton-tx-533566"
  },
  {
    "heading": "Hidden Creek- Rockwall",
    "guestCapacity": "Up to 300",
    "socialLinks": [
      "http://www.facebook.com/hiddencreekevents",
      "http://www.instagram.com/hiddencreekevents",
      "https://hiddencreekevents.com/?utm_source=theknot.com&utm_medium=referral&utm_campaign=theknot"
    ],
    "address": "215 CHRIS CUNY PARKWAY, Rockwall, TX",
    "phoneNumber": "+1(972) 535-6686",
    "emailAddresses": [
      "brett@hiddencreekevents.com"
    ],
    "websiteLink": "https://hiddencreekevents.com/?utm_source=theknot.com&utm_medium=referral&utm_campaign=theknot",
    "knotPageLink": "https://www.theknot.com/marketplace/hidden-creek-rockwall-rockwall-tx-876065"
  },
  {
    "heading": "Dove Ridge Vineyard",
    "guestCapacity": "300+",
    "socialLinks": [
      "https://www.facebook.com/doveridgevineyard/",
      "http://www.instagram.com/doveridgevineyardtx/",
      "http://www.pinterest.com/doveridgevintx/",
      "http://www.doveridgevineyard.com/?utm_source=theknot.com&utm_medium=referral&utm_campaign=theknot"
    ],
    "address": "6000 Tucker Drive, Weatherford, TX",
    "phoneNumber": "+1(817) 444-8172",
    "emailAddresses": [
      "janan@doveridgevineyard.com"
    ],
    "websiteLink": "http://www.doveridgevineyard.com/?utm_source=theknot.com&utm_medium=referral&utm_campaign=theknot",
    "knotPageLink": "https://www.theknot.com/marketplace/dove-ridge-vineyard-weatherford-tx-994687"
  },
  {
    "heading": "Aristide | Colleyville by Walters Wedding Estates",
    "guestCapacity": "Up to 300",
    "socialLinks": [
      "https://www.facebook.com/aristidecolleyville",
      "http://www.instagram.com/aristidecolleyville",
      "http://www.pinterest.com/waltersweddingestates",
      "https://aristideevents.com/venue/colleyville?utm_source=theknot.com&utm_medium=referral&utm_campaign=theknot"
    ],
    "address": "77 Piazza Lane, Colleyville, TX",
    "phoneNumber": "+1(972) 317-7464",
    "emailAddresses": [
      "colleyville@waltersweddingestates.com",
      "info@waltersweddingestates.com"
    ],
    "websiteLink": "https://aristideevents.com/venue/colleyville?utm_source=theknot.com&utm_medium=referral&utm_campaign=theknot",
    "knotPageLink": "https://www.theknot.com/marketplace/aristide-|-colleyville-by-walters-wedding-estates-colleyville-tx-2051060"
  },
  {
    "heading": "Aristide | Flower Mound by Walters Wedding Estates",
    "guestCapacity": "Up to 200",
    "socialLinks": [
      "http://www.facebook.com/AristideFlowerMound",
      "http://www.instagram.com/aristideflowermound",
      "http://www.pinterest.com/WaltersWeddingEstates",
      "https://aristideevents.com/venue/flower-mound?utm_source=theknot.com&utm_medium=referral&utm_campaign=theknot"
    ],
    "address": "2701 Corporate Drive, Flower Mound, TX",
    "phoneNumber": "+1(972) 317-7464",
    "emailAddresses": [
      "flowermound@waltersweddingestates.com"
    ],
    "websiteLink": "https://aristideevents.com/venue/flower-mound?utm_source=theknot.com&utm_medium=referral&utm_campaign=theknot",
    "knotPageLink": "https://www.theknot.com/marketplace/aristide-|-flower-mound-by-walters-wedding-estates-flower-mound-tx-2031684"
  },
  {
    "heading": "Montclair Event Venue",
    "guestCapacity": "Up to 300",
    "socialLinks": [
      "https://www.facebook.com/Montclair-Event-Venue-414196175754394/",
      "http://www.instagram.com/montclairdfwvenue",
      "http://www.pinterest.com/@montclairdfw",
      "http://www.montclairdfw.com?utm_source=theknot.com&utm_medium=referral&utm_campaign=theknot"
    ],
    "address": "6504 Colleyville Blvd, Colleyville, TX",
    "phoneNumber": "+1(682) 800-6780",
    "emailAddresses": [
      "info@montclairdfw.com"
    ],
    "websiteLink": "http://www.montclairdfw.com?utm_source=theknot.com&utm_medium=referral&utm_campaign=theknot",
    "knotPageLink": "https://www.theknot.com/marketplace/montclair-event-venue-colleyville-tx-2025515"
  },
  {
    "heading": "Cross Creek Ranch",
    "guestCapacity": "Up to 300",
    "socialLinks": [
      "https://www.facebook.com/pages/cross-creek-ranch-tx/128708991126?ref=hl",
      "http://www.instagram.com/crosscreekranchtx",
      "http://www.pinterest.com/ccevents2890",
      "http://www.crosscreekranchtexas.net?utm_source=theknot.com&utm_medium=referral&utm_campaign=theknot"
    ],
    "address": "3406 Dublin Road, Parker, TX",
    "phoneNumber": "+1(972) 221-0167",
    "emailAddresses": [
      "info@crosscreekranchtexas.net"
    ],
    "websiteLink": "http://www.crosscreekranchtexas.net?utm_source=theknot.com&utm_medium=referral&utm_campaign=theknot",
    "knotPageLink": "https://www.theknot.com/marketplace/cross-creek-ranch-parker-tx-440896"
  },
  {
    "heading": "The Milestone Denton by Walters Wedding Estates",
    "guestCapacity": "Up to 200",
    "socialLinks": [
      "http://facebook.com/themilestonedenton",
      "http://www.twitter.com/weddingestates",
      "http://www.instagram.com/themilestonedenton",
      "http://www.pinterest.com/waltersweddingestates",
      "http://www.themilestone.com?utm_source=theknot.com&utm_medium=referral&utm_campaign=theknot"
    ],
    "address": "9850 Jim Christal Rd, Krum, TX",
    "phoneNumber": "+1(972) 317-7464",
    "emailAddresses": [
      "denton@waltersweddingestates.com"
    ],
    "websiteLink": "http://www.themilestone.com?utm_source=theknot.com&utm_medium=referral&utm_campaign=theknot",
    "knotPageLink": "https://www.theknot.com/marketplace/the-milestone-denton-by-walters-wedding-estates-krum-tx-2051041"
  },
  {
    "heading": "The Paddock at Champions Circle",
    "guestCapacity": "300+",
    "socialLinks": [
      "https://www.facebook.com/thepaddockfortworth",
      "http://www.instagram.com/thepaddockfortworth",
      "http://www.pinterest.com/thepaddockfortworth",
      "https://www.thepaddockatchampionscircle.com/"
    ],
    "address": "3300 Championship Pkwy, Fort Worth, TX",
    "phoneNumber": "+1(817) 497-3025",
    "emailAddresses": [
      "kesha.gardner@ohospitalitymanagement.com"
    ],
    "websiteLink": "https://www.thepaddockatchampionscircle.com/",
    "knotPageLink": "https://www.theknot.com/marketplace/the-paddock-at-champions-circle-fort-worth-tx-2014213"
  },
  {
    "heading": "Chapel at Riverwalk by Walters Wedding Estates",
    "guestCapacity": "Up to 150",
    "socialLinks": [
      "https://www.facebook.com/riverwalkfmevents/",
      "http://www.instagram.com/chapelatriverwalk",
      "http://www.pinterest.com/waltersweddingestates",
      "https://waltersweddingestates.com/venues/chapel-at-riverwalk-flower-mound/?utm_source=theknot.com&utm_medium=referral&utm_campaign=theknot"
    ],
    "address": "4040 River Walk Drive, Flower Mound, TX",
    "phoneNumber": "+1(972) 317-7464",
    "emailAddresses": [
      "riverwalkfm@waltersweddingestates.com"
    ],
    "websiteLink": "https://waltersweddingestates.com/venues/chapel-at-riverwalk-flower-mound/?utm_source=theknot.com&utm_medium=referral&utm_campaign=theknot",
    "knotPageLink": "https://www.theknot.com/marketplace/chapel-at-riverwalk-by-walters-wedding-estates-flower-mound-tx-2064264"
  },
  {
    "heading": "Stone Crest Venue",
    "guestCapacity": "Up to 300",
    "socialLinks": [
      "http://www.facebook.com/stonecrestvenue",
      "http://www.instagram.com/https://www.instagram.com/stonecrestvenue/",
      "http://www.pinterest.com/https://www.pinterest.com/wendycottam/stone-crest-event-venue/",
      "http://stonecrestvenue.com/?utm_source=theknot.com&utm_medium=referral&utm_campaign=theknot"
    ],
    "address": "DFW and North Texas",
    "phoneNumber": "+1(972) 544-6848",
    "emailAddresses": [
      "info@stonecrestvenue.com"
    ],
    "websiteLink": "http://stonecrestvenue.com/?utm_source=theknot.com&utm_medium=referral&utm_campaign=theknot",
    "knotPageLink": "https://www.theknot.com/marketplace/stone-crest-venue-mckinney-tx-966217"
  },
  {
    "heading": "Willow Creek Wedding & Event Venue",
    "guestCapacity": "Up to 300",
    "socialLinks": [
      "http://www.facebook.com/willowcreektx",
      "http://www.instagram.com/willowcreektx",
      "http://www.pinterest.com/willowcreektx",
      "http://www.willowcreektx.com?utm_source=theknot.com&utm_medium=referral&utm_campaign=theknot"
    ],
    "address": "415 South Westmoreland rd, Waxahachie, TX",
    "phoneNumber": "+1(972) 800-7973",
    "emailAddresses": [
      "eventinfo@willowcreektx.com"
    ],
    "websiteLink": "http://www.willowcreektx.com?utm_source=theknot.com&utm_medium=referral&utm_campaign=theknot",
    "knotPageLink": "https://www.theknot.com/marketplace/willow-creek-wedding-and-event-venue-waxahachie-tx-647786"
  },
  {
    "heading": "The Hillside Estate",
    "guestCapacity": "Up to 300",
    "socialLinks": [
      "http://www.instagram.com/www.instagram.com/thehillsideestatetx",
      "http://www.thehillsideestatedfw.com?utm_source=theknot.com&utm_medium=referral&utm_campaign=theknot"
    ],
    "address": "901 Moseley Road, Crossroads, TX",
    "phoneNumber": "+1(214) 623-5733",
    "emailAddresses": [
      "britt@thehillsideestatedfw.com"
    ],
    "websiteLink": "http://www.thehillsideestatedfw.com?utm_source=theknot.com&utm_medium=referral&utm_campaign=theknot",
    "knotPageLink": "https://www.theknot.com/marketplace/the-hillside-estate-crossroads-tx-2039210"
  },
  {
    "heading": "The Orchard Event Venue & Retreat",
    "guestCapacity": "300+",
    "socialLinks": [
      "https://www.facebook.com/theorchardtx",
      "http://www.twitter.com/theorchardtx",
      "http://www.instagram.com/theorchardtx",
      "http://www.pinterest.com/theorchardvenue",
      "http://www.theorchardtx.com?utm_source=theknot.com&utm_medium=referral&utm_campaign=theknot"
    ],
    "address": "1421 Northwest Parkway, Azle, TX",
    "phoneNumber": "+1(817) 270-4555,0",
    "emailAddresses": [
      "info@theorchardtx.com"
    ],
    "websiteLink": "http://www.theorchardtx.com?utm_source=theknot.com&utm_medium=referral&utm_campaign=theknot",
    "knotPageLink": "https://www.theknot.com/marketplace/the-orchard-event-venue-and-retreat-azle-tx-371293"
  },
  {
    "heading": "The Grand Ivory",
    "guestCapacity": "Up to 300",
    "socialLinks": [
      "https://www.facebook.com/thegrandivory/",
      "http://www.instagram.com/thegrandivory",
      "http://www.pinterest.com/The Grand Ivory",
      "http://www.thegrandivory.com?utm_source=theknot.com&utm_medium=referral&utm_campaign=theknot"
    ],
    "address": "19611 FM 981, McKinney, TX",
    "phoneNumber": "+1(214) 912-9544",
    "emailAddresses": [
      "info@thegrandivory.com"
    ],
    "websiteLink": "http://www.thegrandivory.com?utm_source=theknot.com&utm_medium=referral&utm_campaign=theknot",
    "knotPageLink": "https://www.theknot.com/marketplace/the-grand-ivory-mckinney-tx-1028371"
  },
  {
    "heading": "Bella Cavalli Events",
    "guestCapacity": "Up to 200",
    "socialLinks": [
      "https://www.facebook.com/bellacavallievents/",
      "http://www.instagram.com/@bellacavallievents",
      "http://www.pinterest.com/bellacavallievents",
      "http://www.bellacavallievents.com?utm_source=theknot.com&utm_medium=referral&utm_campaign=theknot"
    ],
    "address": "North Texas",
    "phoneNumber": "+1(940) 257-6382,101103",
    "emailAddresses": [
      "info@bellacavallievents.com"
    ],
    "websiteLink": "http://www.bellacavallievents.com?utm_source=theknot.com&utm_medium=referral&utm_campaign=theknot",
    "knotPageLink": "https://www.theknot.com/marketplace/bella-cavalli-events-aubrey-tx-2024928"
  },
  {
    "heading": "Omni PGA Frisco Resort",
    "guestCapacity": "300+",
    "socialLinks": [
      "https://www.omnihotels.com/hotels/pga-frisco/weddings?utm_source=theknot.com&utm_medium=referral&utm_campaign=theknot"
    ],
    "address": "4341 PGA Parkway, Frisco, TX",
    "phoneNumber": "+1(469) 305-4545",
    "emailAddresses": [
      "dalpga.leads@omnihotels.com"
    ],
    "websiteLink": "https://www.omnihotels.com/hotels/pga-frisco/weddings?utm_source=theknot.com&utm_medium=referral&utm_campaign=theknot",
    "knotPageLink": "https://www.theknot.com/marketplace/omni-pga-frisco-resort-frisco-tx-2065738"
  },
  {
    "heading": "The Adolphus",
    "guestCapacity": "300+",
    "socialLinks": [
      "https://www.facebook.com/theadolphus",
      "http://www.instagram.com/theadolphushotel",
      "http://www.adolphus.com"
    ],
    "address": "1321 Commerce Street, Dallas, TX",
    "phoneNumber": "+1(214) 651-3637",
    "emailAddresses": [
      "beads@adolphus.com",
      "lauren.anderson.e@gmail.com"
    ],
    "websiteLink": "http://www.adolphus.com",
    "knotPageLink": "https://www.theknot.com/marketplace/the-adolphus-dallas-tx-243856"
  },
  {
    "heading": "Verona Villa",
    "guestCapacity": "Up to 250",
    "socialLinks": [
      "https://www.facebook.com/veronavillafrisco/",
      "http://www.instagram.com/verona_villa",
      "http://www.veronavilla.com?utm_source=theknot.com&utm_medium=referral&utm_campaign=theknot"
    ],
    "address": "6591 Dallas Parkway, Frisco, TX",
    "phoneNumber": "+1(972) 837-8034",
    "emailAddresses": [
      "makenzie@veronavilla.com"
    ],
    "websiteLink": "http://www.veronavilla.com?utm_source=theknot.com&utm_medium=referral&utm_campaign=theknot",
    "knotPageLink": "https://www.theknot.com/marketplace/verona-villa-frisco-tx-819666"
  },
  {
    "heading": "The White Sparrow by the Springs",
    "guestCapacity": "Up to 200",
    "socialLinks": [
      "http://www.instagram.com/thewhitesparrow",
      "http://thewhitesparrowbarn.com/?utm_source=theknot.com&utm_medium=referral&utm_campaign=theknot"
    ],
    "address": "7950 Co Rd 2412, Quinlan, TX",
    "phoneNumber": "+1(469) 215-3806",
    "emailAddresses": [
      "whitesparrow@thespringsevents.com"
    ],
    "websiteLink": "http://thewhitesparrowbarn.com/?utm_source=theknot.com&utm_medium=referral&utm_campaign=theknot",
    "knotPageLink": "https://www.theknot.com/marketplace/the-white-sparrow-by-the-springs-quinlan-tx-2085969"
  },
  {
    "heading": "The Room on Main",
    "guestCapacity": "Up to 300",
    "socialLinks": [
      "http://www.facebook.com/theroomonmain",
      "http://www.instagram.com/theroomonmain",
      "https://calendly.com/theroomonmain/venue-tour?utm_campaign=knot&utm_source=knot&utm_source=theknot.com&utm_medium=referral&utm_campaign=theknot"
    ],
    "address": "2030 Main Street, Dallas, TX",
    "phoneNumber": "+1(214) 742-1526",
    "emailAddresses": [
      "info@theroomonmain.com"
    ],
    "websiteLink": "https://calendly.com/theroomonmain/venue-tour?utm_campaign=knot&utm_source=knot&utm_source=theknot.com&utm_medium=referral&utm_campaign=theknot",
    "knotPageLink": "https://www.theknot.com/marketplace/the-room-on-main-dallas-tx-845927"
  },
  {
    "heading": "Magnolia Creek Ranch",
    "guestCapacity": "Up to 100",
    "socialLinks": [
      "http://www.instagram.com/magnoliacreekranchvenue",
      "https://magnoliacreekranch.com?utm_source=theknot.com&utm_medium=referral&utm_campaign=theknot"
    ],
    "address": "North Texas Dallas Collin McKinney",
    "phoneNumber": "+1(760) 500-8484",
    "emailAddresses": [
      "events@magnoliacreekranch.com"
    ],
    "websiteLink": "https://magnoliacreekranch.com?utm_source=theknot.com&utm_medium=referral&utm_campaign=theknot",
    "knotPageLink": "https://www.theknot.com/marketplace/magnolia-creek-ranch-princeton-tx-2063942"
  },
  {
    "heading": "The Venue at Boyd Farm",
    "guestCapacity": "300+",
    "socialLinks": [
      "https://www.facebook.com/thevenueatboydfarm",
      "http://www.instagram.com/thevenueatboydfarm",
      "https://boydfarmevents.com/?utm_source=theknot.com&utm_medium=referral&utm_campaign=theknot"
    ],
    "address": "Texas",
    "phoneNumber": "+1(214) 494-9479,1004",
    "emailAddresses": [
      "admin@boydfarmevents.com"
    ],
    "websiteLink": "https://boydfarmevents.com/?utm_source=theknot.com&utm_medium=referral&utm_campaign=theknot",
    "knotPageLink": "https://www.theknot.com/marketplace/the-venue-at-boyd-farm-lavon-tx-2045938"
  },
  {
    "heading": "Hayes Hollow by Walters Wedding Estates",
    "guestCapacity": "Up to 200",
    "socialLinks": [
      "https://waltersweddingestates.com/venues/hayes-hollow-arlington/?utm_source=theknot.com&utm_medium=referral&utm_campaign=theknot"
    ],
    "address": "4115 SW Green Oaks Blvd, Arlington, TX",
    "phoneNumber": "+1(972) 317-7464",
    "emailAddresses": [
      "arlington@waltersweddingestates.com"
    ],
    "websiteLink": "https://waltersweddingestates.com/venues/hayes-hollow-arlington/?utm_source=theknot.com&utm_medium=referral&utm_campaign=theknot",
    "knotPageLink": "https://www.theknot.com/marketplace/hayes-hollow-by-walters-wedding-estates-arlington-tx-2070351"
  },
  {
    "heading": "Rustic Grace Estate",
    "guestCapacity": "Up to 250",
    "socialLinks": [
      "http://www.facebook.com/rusticgraceestate",
      "http://www.instagram.com/rusticgraceestate",
      "http://www.pinterest.com/rusticgraceest",
      "http://www.rusticgraceestate.com?utm_source=theknot.com&utm_medium=referral&utm_campaign=theknot"
    ],
    "address": "13299 FM 121, Van Alstyne, TX",
    "phoneNumber": "+1(972) 737-3259",
    "emailAddresses": [
      "info@rusticgraceestate.com"
    ],
    "websiteLink": "http://www.rusticgraceestate.com?utm_source=theknot.com&utm_medium=referral&utm_campaign=theknot",
    "knotPageLink": "https://www.theknot.com/marketplace/rustic-grace-estate-van-alstyne-tx-607236"
  },
  {
    "heading": "The Olana by Walters Wedding Estates",
    "guestCapacity": "Up to 300",
    "socialLinks": [
      "http://facebook.com/theolanadfw",
      "http://www.instagram.com/theolanatx",
      "http://www.pinterest.com/waltersweddingestates",
      "http://www.theolana.com?utm_source=theknot.com&utm_medium=referral&utm_campaign=theknot"
    ],
    "address": "1851 Turbeville Road, Hickory Creek, TX",
    "phoneNumber": "+1(972) 317-7464",
    "emailAddresses": [
      "hickorycreek@waltersweddingestates.com"
    ],
    "websiteLink": "http://www.theolana.com?utm_source=theknot.com&utm_medium=referral&utm_campaign=theknot",
    "knotPageLink": "https://www.theknot.com/marketplace/the-olana-by-walters-wedding-estates-hickory-creek-tx-2051034"
  },
  {
    "heading": "Wildwood Inn by Walters Wedding Estates",
    "guestCapacity": "Up to 100",
    "socialLinks": [
      "https://www.facebook.com/WildwoodInnDenton/",
      "http://www.instagram.com/thewildwoodinn",
      "http://www.pinterest.com/waltersweddingestates",
      "http://www.Denton-WildwoodInn.com?utm_source=theknot.com&utm_medium=referral&utm_campaign=theknot"
    ],
    "address": "2602 Lillian Miller Parkway, Denton, TX",
    "phoneNumber": "+1(972) 317-7464",
    "emailAddresses": [
      "wildwood@waltersweddingestates.com"
    ],
    "websiteLink": "http://www.Denton-WildwoodInn.com?utm_source=theknot.com&utm_medium=referral&utm_campaign=theknot",
    "knotPageLink": "https://www.theknot.com/marketplace/wildwood-inn-by-walters-wedding-estates-denton-tx-2051048"
  },
  {
    "heading": "The 4 Eleven",
    "guestCapacity": "300+",
    "socialLinks": [
      "https://www.facebook.com/the4eleven/?ref=settings",
      "http://www.instagram.com/4elevenfw",
      "http://www.pinterest.com/The 4 Eleven",
      "https://www.the4eleven.net/?utm_source=theknot.com&utm_medium=referral&utm_campaign=theknot"
    ],
    "address": "411 S Main St Ste 101, Fort Worth, TX",
    "phoneNumber": "+1(817) 720-7373",
    "emailAddresses": [
      "emily@the4eleven.net"
    ],
    "websiteLink": "https://www.the4eleven.net/?utm_source=theknot.com&utm_medium=referral&utm_campaign=theknot",
    "knotPageLink": "https://www.theknot.com/marketplace/the-4-eleven-fort-worth-tx-1066214"
  },
  {
    "heading": "On The Levee",
    "guestCapacity": "300+",
    "socialLinks": [
      "https://www.facebook.com/On-The-Levee-114507466636049/",
      "http://www.instagram.com/onthelevee",
      "http://onthelevee.com?utm_source=theknot.com&utm_medium=referral&utm_campaign=theknot"
    ],
    "address": "1108 Quaker St, Suite, Dallas, TX",
    "phoneNumber": "+1(972) 483-2507",
    "emailAddresses": [
      "info@onthelevee.com"
    ],
    "websiteLink": "http://onthelevee.com?utm_source=theknot.com&utm_medium=referral&utm_campaign=theknot",
    "knotPageLink": "https://www.theknot.com/marketplace/on-the-levee-dallas-tx-2032094"
  },
  {
    "heading": "The Laurel Texas by Boxwood",
    "guestCapacity": "300+",
    "socialLinks": [
      "http://www.facebook.com/thelaureltexas",
      "http://www.instagram.com/thelaureltexas/",
      "http://www.thelaureltexas.com?utm_source=theknot.com&utm_medium=referral&utm_campaign=theknot"
    ],
    "address": "2040 Enchanted Way, Grapevine, TX",
    "phoneNumber": "+1(817) 617-7400",
    "emailAddresses": [
      "info@thelaureltexas.com"
    ],
    "websiteLink": "http://www.thelaureltexas.com?utm_source=theknot.com&utm_medium=referral&utm_campaign=theknot",
    "knotPageLink": "https://www.theknot.com/marketplace/the-laurel-texas-by-boxwood-grapevine-tx-831372"
  },
  {
    "heading": "The Venue at 400 North Ervay by Boxwood",
    "guestCapacity": "Up to 150",
    "socialLinks": [
      "http://www.instagram.com/venueat400northervay",
      "https://boxwoodhospitality.com/400-north-ervay?utm_source=theknot.com&utm_medium=referral&utm_campaign=theknot"
    ],
    "address": "400 North Ervay, Dallas, TX",
    "phoneNumber": "+1(817) 617-7400",
    "emailAddresses": [
      "hello@boxwoodhospitality.com"
    ],
    "websiteLink": "https://boxwoodhospitality.com/400-north-ervay?utm_source=theknot.com&utm_medium=referral&utm_campaign=theknot",
    "knotPageLink": "https://www.theknot.com/marketplace/the-venue-at-400-north-ervay-by-boxwood-dallas-tx-555370"
  },
  {
    "heading": "Hidden Pines | Highland Village Walters Wedding Estates",
    "guestCapacity": "300+",
    "socialLinks": [
      "https://www.facebook.com/hiddenpineschapel",
      "http://www.instagram.com/hiddenpineshighlandvillage",
      "http://www.pinterest.com/waltersweddingestates",
      "https://hiddenpineschapel.com/venues/highland-village?utm_source=theknot.com&utm_medium=referral&utm_campaign=theknot"
    ],
    "address": "2380 FM 407, Highland Village, TX",
    "phoneNumber": "+1(972) 317-7464",
    "emailAddresses": [
      "highlandvillage@waltersweddingestates.com"
    ],
    "websiteLink": "https://hiddenpineschapel.com/venues/highland-village?utm_source=theknot.com&utm_medium=referral&utm_campaign=theknot",
    "knotPageLink": "https://www.theknot.com/marketplace/hidden-pines-|-highland-village-walters-wedding-estates-highland-village-tx-2051040"
  },
  {
    "heading": "Brake & Clutch Warehouse",
    "guestCapacity": "300+",
    "socialLinks": [
      "https://www.facebook.com/brakeandclutchwarehouse/",
      "http://www.instagram.com/brakeandclutchwarehouse",
      "http://www.brakeandclutchwarehouse.com?utm_source=theknot.com&utm_medium=referral&utm_campaign=theknot"
    ],
    "address": "3601 Main Street, Dallas, TX",
    "phoneNumber": "+1",
    "emailAddresses": [
      "info@brakeandclutchwarehouse.com.message",
      "info@brakeandclutchwarehouse.com"
    ],
    "websiteLink": "http://www.brakeandclutchwarehouse.com?utm_source=theknot.com&utm_medium=referral&utm_campaign=theknot",
    "knotPageLink": "https://www.theknot.com/marketplace/brake-and-clutch-warehouse-dallas-tx-1010168"
  },
  {
    "heading": "Reflections Venue & Gardens",
    "guestCapacity": "Up to 200",
    "socialLinks": [
      "https://www.facebook.com/reflectionsvenue/",
      "http://www.instagram.com/reflectionsplano",
      "http://www.pinterest.com/reflectionsplano",
      "https://www.reflectionsplano.com/"
    ],
    "address": "1901 East Spring Creek Parkway, Plano, TX",
    "phoneNumber": "+1(972) 633-9595",
    "emailAddresses": [
      "sales@reflectionsplano.com"
    ],
    "websiteLink": "https://www.reflectionsplano.com/",
    "knotPageLink": "https://www.theknot.com/marketplace/reflections-venue-and-gardens-plano-tx-2025901"
  },
  {
    "heading": "Stonebridge Wedding & Event Venue",
    "guestCapacity": "300+",
    "socialLinks": [
      "http://www.facebook.com/stonebridgeweddingvenue",
      "http://www.twitter.com/stonebridgeweds",
      "http://www.instagram.com/stonebridgeweddingvenue",
      "http://www.pinterest.com/stonebridgeweddingvenue",
      "http://www.stonebridgeweddingvenue.com?utm_source=theknot.com&utm_medium=referral&utm_campaign=theknot"
    ],
    "address": "305 Max Road, Blum, TX",
    "phoneNumber": "+1(817) 648-5761,8176485761",
    "emailAddresses": [
      "info@stonebridgeweddingvenue.com"
    ],
    "websiteLink": "http://www.stonebridgeweddingvenue.com?utm_source=theknot.com&utm_medium=referral&utm_campaign=theknot",
    "knotPageLink": "https://www.theknot.com/marketplace/stonebridge-wedding-and-event-venue-blum-tx-838269"
  },
  {
    "heading": "Trickle Creek Events",
    "guestCapacity": "Up to 250",
    "socialLinks": [
      "http://www.facebook.com/tricklecreekevents",
      "http://www.instagram.com/TrickleCreekEventCenter",
      "http://www.TrickleCreekEvents.com?utm_source=theknot.com&utm_medium=referral&utm_campaign=theknot"
    ],
    "address": "5555 Old Brock Rd, Weatherford, TX",
    "phoneNumber": "+1(817) 597-6557",
    "emailAddresses": [
      "ronda@tricklecreekevents.com"
    ],
    "websiteLink": "http://www.TrickleCreekEvents.com?utm_source=theknot.com&utm_medium=referral&utm_campaign=theknot",
    "knotPageLink": "https://www.theknot.com/marketplace/trickle-creek-events-weatherford-tx-2006423"
  },
  {
    "heading": "The Mason Dallas",
    "guestCapacity": "Up to 200",
    "socialLinks": [
      "https://www.facebook.com/themasondallas/?modal=admin_todo_tour",
      "http://www.instagram.com/themasondallas",
      "http://www.themasondallas.com?utm_source=theknot.com&utm_medium=referral&utm_campaign=theknot"
    ],
    "address": "115 S. Beckley Ave., Dallas, TX",
    "phoneNumber": "+1(214) 730-0005",
    "emailAddresses": [
      "info@themasondallas.com"
    ],
    "websiteLink": "http://www.themasondallas.com?utm_source=theknot.com&utm_medium=referral&utm_campaign=theknot",
    "knotPageLink": "https://www.theknot.com/marketplace/the-mason-dallas-dallas-tx-2032118"
  },
  {
    "heading": "Chapel at Palacios by Walters Wedding Estates",
    "guestCapacity": "Up to 200",
    "socialLinks": [
      "https://www.facebook.com/ChapelatPalacios",
      "http://www.instagram.com/chapelatpalacios",
      "http://www.pinterest.com/https://www.pinterest.com/WaltersWeddingEstates/",
      "https://waltersweddingestates.com/venues/chapel-at-entrada-westlake/?utm_source=theknot.com&utm_medium=referral&utm_campaign=theknot"
    ],
    "address": "49 Tarragona Drive, Roanoke, TX",
    "phoneNumber": "+1(972) 317-7464",
    "emailAddresses": [
      "westlake@waltersweddingestates.com"
    ],
    "websiteLink": "https://waltersweddingestates.com/venues/chapel-at-entrada-westlake/?utm_source=theknot.com&utm_medium=referral&utm_campaign=theknot",
    "knotPageLink": "https://www.theknot.com/marketplace/chapel-at-palacios-by-walters-wedding-estates-roanoke-tx-2064265"
  },
  {
    "heading": "The Chateau of Longview",
    "guestCapacity": "Up to 200",
    "socialLinks": [
      "https://www.facebook.com/thechateaulgv",
      "http://www.instagram.com/thechateau.lgv",
      "http://www.thechateaulgv.com"
    ],
    "address": "East Texas",
    "phoneNumber": "+1(903) 720-9452",
    "emailAddresses": [
      "bethany.thechateaulgv@gmail.com"
    ],
    "websiteLink": "http://www.thechateaulgv.com",
    "knotPageLink": "https://www.theknot.com/marketplace/the-chateau-of-longview-longview-tx-2083252"
  },
  {
    "heading": "Clark Gardens",
    "guestCapacity": "Up to 300",
    "socialLinks": [
      "http://www.facebook.com/clarkgardensweddings",
      "http://www.instagram.com/https://www.instagram.com/clarkgardensweddings/",
      "http://www.pinterest.com/https://www.pinterest.com/clarkgardenswed/",
      "http://weddings.clarkgardens.org?utm_source=theknot.com&utm_medium=referral&utm_campaign=theknot"
    ],
    "address": "567 Maddux Road, Weatherford, TX",
    "phoneNumber": "+1(940) 682-4856,2",
    "emailAddresses": [
      "chelsea@clarkgardens.com",
      "events@clarkgardens.com",
      "nchelsea@clarkgardens.com"
    ],
    "websiteLink": "http://weddings.clarkgardens.org?utm_source=theknot.com&utm_medium=referral&utm_campaign=theknot",
    "knotPageLink": "https://www.theknot.com/marketplace/clark-gardens-weatherford-tx-269723"
  },
  {
    "heading": "Oak + Ivy",
    "guestCapacity": "300+",
    "socialLinks": [
      "https://www.facebook.com/oakandivyvenue/",
      "http://www.instagram.com/oakandivyvenue",
      "http://www.pinterest.com/oakandivyvenue",
      "http://oakandivyvenue.com?utm_source=theknot.com&utm_medium=referral&utm_campaign=theknot"
    ],
    "address": "We are available to everyone",
    "phoneNumber": "+1(214) 448-4846",
    "emailAddresses": [
      "brenda@oakandivyvenue.com"
    ],
    "websiteLink": "http://oakandivyvenue.com?utm_source=theknot.com&utm_medium=referral&utm_campaign=theknot",
    "knotPageLink": "https://www.theknot.com/marketplace/oak-+-ivy-aubrey-tx-2025323"
  },
  {
    "heading": "Hotel Drover",
    "guestCapacity": "Up to 250",
    "socialLinks": [
      "https://www.facebook.com/hoteldrover/",
      "http://www.twitter.com/@hoteldrover",
      "http://www.instagram.com/HotelDrover",
      "https://hoteldrover.com/?utm_source=theknot.com&utm_medium=referral&utm_campaign=theknot"
    ],
    "address": "200 Mule Alley Drive, Fort Worth, TX",
    "phoneNumber": "+1(817) 420-6014",
    "emailAddresses": [
      "jackie.logue@hoteldrover.com"
    ],
    "websiteLink": "https://hoteldrover.com/?utm_source=theknot.com&utm_medium=referral&utm_campaign=theknot",
    "knotPageLink": "https://www.theknot.com/marketplace/hotel-drover-fort-worth-tx-2036585"
  },
  {
    "heading": "The Rosewood Venue",
    "guestCapacity": "Up to 200",
    "socialLinks": [
      "https://www.facebook.com/profile.php?id=100093125425651&mibextid=LQQJ4d",
      "http://www.instagram.com/therosewoodvenue",
      "https://therosewoodvenue.com/?utm_source=theknot.com&utm_medium=referral&utm_campaign=theknot"
    ],
    "address": "East Texas, North Texas",
    "phoneNumber": "+1(903) 806-4142",
    "emailAddresses": [
      "bookings@therosewoodvenue.com"
    ],
    "websiteLink": "https://therosewoodvenue.com/?utm_source=theknot.com&utm_medium=referral&utm_campaign=theknot",
    "knotPageLink": "https://www.theknot.com/marketplace/the-rosewood-venue-mount-vernon-tx-2077296"
  },
  {
    "heading": "Thompson Dallas",
    "guestCapacity": "300+",
    "socialLinks": [
      "http://www.instagram.com/thompsondallasweddings",
      "https://www.hyatt.com/en-US/hotel/texas/thompson-dallas/dfwth"
    ],
    "address": "205 North Akard Street, Dallas, TX",
    "phoneNumber": "+1(469) 726-4107",
    "emailAddresses": [
      "tehani.melchor@thompsonhotels.com"
    ],
    "websiteLink": "https://www.hyatt.com/en-US/hotel/texas/thompson-dallas/dfwth",
    "knotPageLink": "https://www.theknot.com/marketplace/thompson-dallas-dallas-tx-2039924"
  },
  {
    "heading": "Artspace 111 Gallery and Gardens",
    "guestCapacity": "Up to 200",
    "socialLinks": [
      "https://www.facebook.com/pages/artspace111/57224432484",
      "http://www.instagram.com/artspace111events",
      "http://www.pinterest.com/artspace111",
      "https://venue.artspace111.com/?utm_source=theknot.com&utm_medium=referral&utm_campaign=theknot"
    ],
    "address": "111 Hampton Street, Fort Worth, TX",
    "phoneNumber": "+1(817) 692-3228,2",
    "emailAddresses": [
      "events@artspace111.com"
    ],
    "websiteLink": "https://venue.artspace111.com/?utm_source=theknot.com&utm_medium=referral&utm_campaign=theknot",
    "knotPageLink": "https://www.theknot.com/marketplace/artspace-111-gallery-and-gardens-fort-worth-tx-383497"
  },
  {
    "heading": "Cliff House by Boxwood",
    "guestCapacity": "Up to 150",
    "socialLinks": [
      "http://www.facebook.com/cliffhousetexas",
      "http://www.instagram.com/https://www.instagram.com/cliffhousetexas/",
      "http://www.cliffhousetexas.com?utm_source=theknot.com&utm_medium=referral&utm_campaign=theknot"
    ],
    "address": "610 N Tyler Street, Dallas, TX",
    "phoneNumber": "+1(817) 617-7400",
    "emailAddresses": [
      "info@cliffhousetexas.com"
    ],
    "websiteLink": "http://www.cliffhousetexas.com?utm_source=theknot.com&utm_medium=referral&utm_campaign=theknot",
    "knotPageLink": "https://www.theknot.com/marketplace/cliff-house-by-boxwood-dallas-tx-1060438"
  },
  {
    "heading": "Stillwater Meadow",
    "guestCapacity": "Up to 250",
    "socialLinks": [
      "https://www.facebook.com/stillwatermeadow/",
      "http://www.instagram.com/stillwater_meadow",
      "https://stillwatermeadow.com/?utm_source=theknot.com&utm_medium=referral&utm_campaign=theknot"
    ],
    "address": "9842 E Bankhead Hwy, Aledo, TX",
    "phoneNumber": "+1(817) 917-6908",
    "emailAddresses": [
      "sharon@stillwatermeadow.com"
    ],
    "websiteLink": "https://stillwatermeadow.com/?utm_source=theknot.com&utm_medium=referral&utm_campaign=theknot",
    "knotPageLink": "https://www.theknot.com/marketplace/stillwater-meadow-aledo-tx-1024603"
  },
  {
    "heading": "Lone Star Mansion",
    "guestCapacity": "Up to 300",
    "socialLinks": [
      "https://www.facebook.com/pages/lone-star-mansion/150098181716363",
      "http://www.twitter.com/@lonestarmansion",
      "http://www.instagram.com/lonestarmansion/",
      "http://www.pinterest.com/@lonestarmansion",
      "http://www.LoneStarMansion.com?utm_source=theknot.com&utm_medium=referral&utm_campaign=theknot"
    ],
    "address": "629 John Charles Drive, Burleson, TX",
    "phoneNumber": "+1(817) 615-9555",
    "emailAddresses": [
      "info@lonestarmansion.com"
    ],
    "websiteLink": "http://www.LoneStarMansion.com?utm_source=theknot.com&utm_medium=referral&utm_campaign=theknot",
    "knotPageLink": "https://www.theknot.com/marketplace/lone-star-mansion-burleson-tx-747294"
  },
  {
    "heading": "Rest Yourself River Ranch",
    "guestCapacity": "Up to 250",
    "socialLinks": [
      "http://www.facebook.com/restyourselfriverranch",
      "http://www.instagram.com/www.instagram.com/restyourselfranch",
      "http://www.pinterest.com/https://www.pinterest.com/restyourselfranch",
      "http://www.restyourselfranch.com?utm_source=theknot.com&utm_medium=referral&utm_campaign=theknot"
    ],
    "address": "Mineral Wells, TX",
    "phoneNumber": "+1(254) 420-7606",
    "emailAddresses": [
      "restyourselfriverranch@gmail.com"
    ],
    "websiteLink": "http://www.restyourselfranch.com?utm_source=theknot.com&utm_medium=referral&utm_campaign=theknot",
    "knotPageLink": "https://www.theknot.com/marketplace/rest-yourself-river-ranch-mineral-wells-tx-2039529"
  },
  {
    "heading": "Howell and Dragon",
    "guestCapacity": "Up to 300",
    "socialLinks": [
      "http://www.facebook.com/howell-and-dragon-228395140972157/",
      "http://www.instagram.com/howellanddragon",
      "https://howellanddragon.com/?utm_source=theknot.com&utm_medium=referral&utm_campaign=theknot"
    ],
    "address": "1130 Dragon St Suite 120, Dallas, TX",
    "phoneNumber": "+1(214) 926-0019",
    "emailAddresses": [
      "info@howellanddragon.com"
    ],
    "websiteLink": "https://howellanddragon.com/?utm_source=theknot.com&utm_medium=referral&utm_campaign=theknot",
    "knotPageLink": "https://www.theknot.com/marketplace/howell-and-dragon-dallas-tx-1042254"
  },
  {
    "heading": "The Golf Club at Fossil Creek",
    "guestCapacity": "Up to 200",
    "socialLinks": [
      "https://www.facebook.com/thegolfclubatfossilcreekweddings",
      "http://www.twitter.com/FossilCreekGC",
      "http://www.instagram.com/thegolfclubfossilcreek_events/",
      "https://thegolfclubatfossilcreek.com/?utm_source=theknot.com&utm_medium=referral&utm_campaign=theknot"
    ],
    "address": "3401 Clubgate Drive, Fort Worth, TX",
    "phoneNumber": "+1(817) 847-1923",
    "emailAddresses": [
      "115sales@arcisgolf.com"
    ],
    "websiteLink": "https://thegolfclubatfossilcreek.com/?utm_source=theknot.com&utm_medium=referral&utm_campaign=theknot",
    "knotPageLink": "https://www.theknot.com/marketplace/the-golf-club-at-fossil-creek-fort-worth-tx-558356"
  },
  {
    "heading": "The Hall on Dragon",
    "guestCapacity": "300+",
    "socialLinks": [
      "http://www.facebook.com/thehallondragon",
      "http://www.instagram.com/thehallondragon",
      "https://thehallondragon.com/?utm_source=theknot.com&utm_medium=referral&utm_campaign=theknot"
    ],
    "address": "1500 Dragon St, Suites C&D, Dallas, TX",
    "phoneNumber": "+1(214) 384-0098",
    "emailAddresses": [
      "info@thehallondragon.com"
    ],
    "websiteLink": "https://thehallondragon.com/?utm_source=theknot.com&utm_medium=referral&utm_campaign=theknot",
    "knotPageLink": "https://www.theknot.com/marketplace/the-hall-on-dragon-dallas-tx-1042253"
  },
  {
    "heading": "Hotel Crescent Court",
    "guestCapacity": "Up to 200",
    "socialLinks": [
      "https://www.facebook.com/HotelCrescentCourt/",
      "http://www.instagram.com/mycrescentwedding",
      "https://www.crescentcourt.com/weddings/?utm_source=theknot.com&utm_medium=referral&utm_campaign=theknot"
    ],
    "address": "400 Crescent Court, Dallas, TX",
    "phoneNumber": "+1(214) 871-3211",
    "emailAddresses": [
      "deepa.tobar@crescentcourt.com"
    ],
    "websiteLink": "https://www.crescentcourt.com/weddings/?utm_source=theknot.com&utm_medium=referral&utm_campaign=theknot",
    "knotPageLink": "https://www.theknot.com/marketplace/hotel-crescent-court-dallas-tx-250002"
  },
  {
    "heading": "Las Colinas Country Club",
    "guestCapacity": "Up to 250",
    "socialLinks": [
      "https://www.facebook.com/lascolinascc",
      "http://www.instagram.com/lascolinascc",
      "http://www.lascolinascc.com?utm_source=theknot.com&utm_medium=referral&utm_campaign=theknot"
    ],
    "address": "4400 N O'Connor Rd, Irving, TX",
    "phoneNumber": "+1(972) 541-1141,4861",
    "emailAddresses": [
      "melissa.matkin@invitedclubs.com"
    ],
    "websiteLink": "http://www.lascolinascc.com?utm_source=theknot.com&utm_medium=referral&utm_campaign=theknot",
    "knotPageLink": "https://www.theknot.com/marketplace/las-colinas-country-club-irving-tx-962013"
  },
  {
    "heading": "Red Barn Events",
    "guestCapacity": "Up to 200",
    "socialLinks": [
      "https://www.facebook.com/redbarneventsdenton",
      "http://www.instagram.com/redbarn.events",
      "http://www.redbarn.events?utm_source=theknot.com&utm_medium=referral&utm_campaign=theknot"
    ],
    "address": "3420 Elm Bottom Circle, Aubrey, TX",
    "phoneNumber": "+1(940) 488-4186",
    "emailAddresses": [
      "summer@redbarn.events"
    ],
    "websiteLink": "http://www.redbarn.events?utm_source=theknot.com&utm_medium=referral&utm_campaign=theknot",
    "knotPageLink": "https://www.theknot.com/marketplace/red-barn-events-aubrey-tx-2036328"
  },
  {
    "heading": "Fairmont Dallas",
    "guestCapacity": "300+",
    "socialLinks": [
      "https://www.facebook.com/TheFairmontDallas/",
      "http://www.fairmont.com/dallas/meetings-weddings/?utm_source=theknot.com&utm_medium=referral&utm_campaign=theknot"
    ],
    "address": "1717 N. Akard St, Dallas, TX",
    "phoneNumber": "+1(214) 720-5295",
    "emailAddresses": [
      "courtney.fairbanks@fairmont.com"
    ],
    "websiteLink": "http://www.fairmont.com/dallas/meetings-weddings/?utm_source=theknot.com&utm_medium=referral&utm_campaign=theknot",
    "knotPageLink": "https://www.theknot.com/marketplace/fairmont-dallas-dallas-tx-119818"
  },
  {
    "heading": "Pinstripes Weddings Fort Worth",
    "guestCapacity": "300+",
    "socialLinks": [
      "http://www.facebook.com/pinstripesbbb",
      "http://www.twitter.com/PinstripesBBB",
      "http://www.instagram.com/PinstripesBBB",
      "http://www.pinterest.com/PinstripesBBB",
      "https://pinstripes.com/fort-worth/private-events/?utm_source=theknot.com&utm_medium=referral&utm_campaign=theknot"
    ],
    "address": "5001 Trailhead Bend Way, Fort Worth, TX",
    "phoneNumber": "+1(682) 352-0905",
    "emailAddresses": [
      "sales-fw@pinstripes.com"
    ],
    "websiteLink": "https://pinstripes.com/fort-worth/private-events/?utm_source=theknot.com&utm_medium=referral&utm_campaign=theknot",
    "knotPageLink": "https://www.theknot.com/marketplace/pinstripes-weddings-fort-worth-fort-worth-tx-1051019"
  },
  {
    "heading": "DoubleTree by Hilton Fort Worth South",
    "guestCapacity": "300+",
    "socialLinks": [
      "https://www.facebook.com/DoubleTreeFortWorthSouth/",
      "http://www.instagram.com/https://www.instagram.com/doubletreefortworthsouth/",
      "https://www.hilton.com/en/hotels/ftwstdt-doubletree-fort-worth-south/"
    ],
    "address": "100 East Altamesa Boulevard, Fort Worth, TX",
    "phoneNumber": "+1(817) 293-3088",
    "emailAddresses": [
      "ftwst_weddings@hilton.com"
    ],
    "websiteLink": "https://www.hilton.com/en/hotels/ftwstdt-doubletree-fort-worth-south/",
    "knotPageLink": "https://www.theknot.com/marketplace/doubletree-by-hilton-fort-worth-south-fort-worth-tx-2011328"
  },
  {
    "heading": "The Westin Dallas Stonebriar Golf Resort & Spa",
    "guestCapacity": "300+",
    "socialLinks": [
      "http://www.facebook.com/pages/the-westin-stonebriar/1651",
      "http://www.instagram.com/TheWestinStonebriar",
      "http://www.westinstonebriar.com/weddings-banquets.html?utm_source=theknot.com&utm_medium=referral&utm_campaign=theknot"
    ],
    "address": "1549 Legacy Drive, Frisco, TX",
    "phoneNumber": "+1(972) 668-8784",
    "emailAddresses": [
      "weddings@stonebriarhotels.com"
    ],
    "websiteLink": "http://www.westinstonebriar.com/weddings-banquets.html?utm_source=theknot.com&utm_medium=referral&utm_campaign=theknot",
    "knotPageLink": "https://www.theknot.com/marketplace/the-westin-dallas-stonebriar-golf-resort-and-spa-frisco-tx-872223"
  },
  {
    "heading": "Live! by Loews Arlington Texas",
    "guestCapacity": "300+",
    "socialLinks": [
      "https://www.facebook.com/LivebyLoewsArlington/",
      "http://www.twitter.com/https://twitter.com/Loews_Hotels",
      "http://www.instagram.com/https://www.instagram.com/livebyloews_arlington/",
      "https://www.loewshotels.com/live-by-loews-arlington-texas?&utm_source=theknot.com&utm_medium=referral&utm_campaign=theknot"
    ],
    "address": "Dallas/Fort Worth Metroplex",
    "phoneNumber": "+1(682) 277-4990",
    "emailAddresses": [
      "markos.maganares@loewshotels.com"
    ],
    "websiteLink": "https://www.loewshotels.com/live-by-loews-arlington-texas?&utm_source=theknot.com&utm_medium=referral&utm_campaign=theknot",
    "knotPageLink": "https://www.theknot.com/marketplace/live-by-loews-arlington-texas-arlington-tx-2057000"
  },
  {
    "heading": "Selah Resort",
    "guestCapacity": "300+",
    "socialLinks": [
      "https://www.facebook.com/selahresort/",
      "https://selah-resort.com/?utm_source=theknot.com&utm_medium=referral&utm_campaign=theknot"
    ],
    "address": "East Texas",
    "phoneNumber": "+114099883727",
    "emailAddresses": [
      "selahresort@gmail.com"
    ],
    "websiteLink": "https://selah-resort.com/?utm_source=theknot.com&utm_medium=referral&utm_campaign=theknot",
    "knotPageLink": "https://www.theknot.com/marketplace/selah-resort-avinger-tx-2086492"
  },
  {
    "heading": "Monroe Pearson by Walters Wedding Estates",
    "guestCapacity": "300+",
    "socialLinks": [
      "http://www.facebook.com/monroepearsonbuilding",
      "http://www.instagram.com/MonroePearson",
      "http://www.pinterest.com/waltersweddingestates",
      "http://www.monroepearson.com?utm_source=theknot.com&utm_medium=referral&utm_campaign=theknot"
    ],
    "address": "421 E. Oak Street, Denton, TX",
    "phoneNumber": "+1(972) 317-7464",
    "emailAddresses": [
      "monroe@waltersweddingestates.com"
    ],
    "websiteLink": "http://www.monroepearson.com?utm_source=theknot.com&utm_medium=referral&utm_campaign=theknot",
    "knotPageLink": "https://www.theknot.com/marketplace/monroe-pearson-by-walters-wedding-estates-denton-tx-2051039"
  },
  {
    "heading": "The Flying V Ranch",
    "guestCapacity": "Up to 250",
    "socialLinks": [
      "http://www.facebook.com/flyingvranch",
      "http://www.instagram.com/flyingvranchtx",
      "http://www.flyingvranch.com"
    ],
    "address": "297 County Road 1170, Decatur, TX",
    "phoneNumber": "+1(817) 617-7400",
    "emailAddresses": [
      "hello@boxwoodhospitality.com"
    ],
    "websiteLink": "http://www.flyingvranch.com",
    "knotPageLink": "https://www.theknot.com/marketplace/the-flying-v-ranch-decatur-tx-609812"
  },
  {
    "heading": "Anchora Event Center, LLC",
    "guestCapacity": "Up to 150",
    "socialLinks": [
      "https://www.facebook.com/AnchoraEventCenter",
      "http://www.instagram.com/anchoraeventcenter",
      "http://anchoraeventcenter.com/?utm_source=theknot.com&utm_medium=referral&utm_campaign=theknot"
    ],
    "address": "403 East Broad Street, Mansfield, TX",
    "phoneNumber": "+1(817) 779-4405",
    "emailAddresses": [
      "blake@anchoraevents.com"
    ],
    "websiteLink": "http://anchoraeventcenter.com/?utm_source=theknot.com&utm_medium=referral&utm_campaign=theknot",
    "knotPageLink": "https://www.theknot.com/marketplace/anchora-event-center-llc-mansfield-tx-2071168"
  },
  {
    "heading": "The Constellation Club",
    "guestCapacity": "Up to 150",
    "socialLinks": [
      "http://facebook.com/theconstellationclub",
      "http://www.instagram.com/the.constellation.club",
      "https://www.invitedclubs.com/clubs/the-constellation-club?utm_source=theknot.com&utm_medium=referral&utm_campaign=theknot"
    ],
    "address": "5215 N O’Connor Blvd.  26th Floor, Irving, TX",
    "phoneNumber": "+1(972) 634-7428",
    "emailAddresses": [
      "hillary.heisroth@invitedclubs.com"
    ],
    "websiteLink": "https://www.invitedclubs.com/clubs/the-constellation-club?utm_source=theknot.com&utm_medium=referral&utm_campaign=theknot",
    "knotPageLink": "https://www.theknot.com/marketplace/the-constellation-club-irving-tx-611695"
  },
  {
    "heading": "Sky Creek Ranch Golf Club",
    "guestCapacity": "Up to 150",
    "socialLinks": [
      "https://www.facebook.com/skycreekranchevents",
      "http://www.twitter.com/SkyCreekRanchGC",
      "http://www.skycreekranch.com/?utm_source=theknot.com&utm_medium=referral&utm_campaign=theknot"
    ],
    "address": "600 Promontory Drive, Keller, TX",
    "phoneNumber": "+1(817) 498-1067",
    "emailAddresses": [
      "saleskeaton@skycreekranch.commessage",
      "keaton@skycreekranch.com"
    ],
    "websiteLink": "http://www.skycreekranch.com/?utm_source=theknot.com&utm_medium=referral&utm_campaign=theknot",
    "knotPageLink": "https://www.theknot.com/marketplace/sky-creek-ranch-golf-club-keller-tx-277509"
  },
  {
    "heading": "Level Two",
    "guestCapacity": "300+",
    "socialLinks": [
      "http://www.instagram.com/leveltwo.events",
      "http://www.pinterest.com/Leveltwoeve",
      "http://www.leveltwoevents.com?utm_source=theknot.com&utm_medium=referral&utm_campaign=theknot"
    ],
    "address": "1250 Slocum Street, Dallas, TX",
    "phoneNumber": "+1(214) 674-0976",
    "emailAddresses": [
      "jmacan8841@aol.com"
    ],
    "websiteLink": "http://www.leveltwoevents.com?utm_source=theknot.com&utm_medium=referral&utm_campaign=theknot",
    "knotPageLink": "https://www.theknot.com/marketplace/level-two-dallas-tx-237471"
  },
  {
    "heading": "Chatelet by Bluelofts",
    "guestCapacity": "Up to 300",
    "socialLinks": [
      "https://www.facebook.com/chateletdallas",
      "http://www.instagram.com/chatelet.dallas/",
      "https://www.chateletdallas.com?utm_source=theknot.com&utm_medium=referral&utm_campaign=theknot"
    ],
    "address": "975 N Zang Blvd, Dallas, TX",
    "phoneNumber": "+114694764496",
    "emailAddresses": [
      "qresortsllc@gmail.com"
    ],
    "websiteLink": "https://www.chateletdallas.com?utm_source=theknot.com&utm_medium=referral&utm_campaign=theknot",
    "knotPageLink": "https://www.theknot.com/marketplace/chatelet-by-bluelofts-dallas-tx-2082473"
  },
  {
    "heading": "The Sanctuary",
    "guestCapacity": "Up to 200",
    "socialLinks": [
      "http://facebook.com/sanctuarymckinney",
      "http://www.instagram.com/weddingsmckinney",
      "http://thesanctuarymckinney.com?utm_source=theknot.com&utm_medium=referral&utm_campaign=theknot"
    ],
    "address": "6633 Virginia Parkway, McKinney, TX",
    "phoneNumber": "+1(972) 540-9293",
    "emailAddresses": [
      "sales@thesanctuarymckinney.com"
    ],
    "websiteLink": "http://thesanctuarymckinney.com?utm_source=theknot.com&utm_medium=referral&utm_campaign=theknot",
    "knotPageLink": "https://www.theknot.com/marketplace/the-sanctuary-mckinney-tx-952083"
  },
  {
    "heading": "NYLO Irving Las Colinas, Tapestry Collection by Hilton",
    "guestCapacity": "Up to 200",
    "socialLinks": [
      "https://www.facebook.com/NYLOlascolinas/",
      "http://www.instagram.com/nylolascolinas",
      "https://tapestrycollection3.hilton.com/tc/nylo-las-colinas/"
    ],
    "address": "DFW, Las Colinas/Irving",
    "phoneNumber": "+1(469) 621-5126",
    "emailAddresses": [
      "casey.oconnor@nylohotels.com"
    ],
    "websiteLink": "https://tapestrycollection3.hilton.com/tc/nylo-las-colinas/",
    "knotPageLink": "https://www.theknot.com/marketplace/nylo-irving-las-colinas-tapestry-collection-by-hilton-irving-tx-399123"
  },
  {
    "heading": "Lucky Spur Ranch Retreat",
    "guestCapacity": "300+",
    "socialLinks": [
      "https://www.facebook.com/luckyspurranch/",
      "http://www.instagram.com/lucky_spur_ranch",
      "http://www.pinterest.com/@Lucky_Spur_Ranch",
      "http://luckyspur.net?utm_source=theknot.com&utm_medium=referral&utm_campaign=theknot"
    ],
    "address": "1780 Strader Rd, Justin, TX",
    "phoneNumber": "+1(940) 315-4094",
    "emailAddresses": [
      "info@luckyspur.net"
    ],
    "websiteLink": "http://luckyspur.net?utm_source=theknot.com&utm_medium=referral&utm_campaign=theknot",
    "knotPageLink": "https://www.theknot.com/marketplace/lucky-spur-ranch-retreat-justin-tx-971648"
  },
  {
    "heading": "Warwick Melrose Hotel",
    "guestCapacity": "Up to 300",
    "socialLinks": [
      "https://www.facebook.com/#!/warwickdallas",
      "http://www.twitter.com/WarwickMelrose",
      "http://www.instagram.com/@warwickmelrose",
      "http://warwickhotels.com/dallas/?utm_source=theknot.com&utm_medium=referral&utm_campaign=theknot"
    ],
    "address": "3015 Oak Lawn Avenue, Dallas, TX",
    "phoneNumber": "+1(214) 224-3101",
    "emailAddresses": [
      "agrunska@warwickhotels.com"
    ],
    "websiteLink": "http://warwickhotels.com/dallas/?utm_source=theknot.com&utm_medium=referral&utm_campaign=theknot",
    "knotPageLink": "https://www.theknot.com/marketplace/warwick-melrose-hotel-dallas-tx-535746"
  },
  {
    "heading": "Hotel Vin",
    "guestCapacity": "Up to 250",
    "socialLinks": [
      "http://facebook.com/HotelVinTexas",
      "http://www.twitter.com/HotelVinTexas",
      "http://www.instagram.com/hotelvintexas",
      "http://www.pinterest.com/HotelVinTexas",
      "https://hotelvin.com"
    ],
    "address": "215 East Dallas Road, Grapevine, TX",
    "phoneNumber": "+1(817) 251-3044",
    "emailAddresses": [
      "lchavarria@hotelvin.com"
    ],
    "websiteLink": "https://hotelvin.com",
    "knotPageLink": "https://www.theknot.com/marketplace/hotel-vin-grapevine-tx-2032764"
  },
  {
    "heading": "Vouv Meeting & Event Space",
    "guestCapacity": "Up to 300",
    "socialLinks": [
      "http://www.facebook.com/vouvdallas",
      "http://www.instagram.com/vouvdallas",
      "http://www.pinterest.com/vouvdallas",
      "http://www.vouvdallas.com/?utm_source=theknot.com&utm_medium=referral&utm_campaign=theknot"
    ],
    "address": "4445 Sigma Rd, Dallas, TX",
    "phoneNumber": "+1(972) 598-0594",
    "emailAddresses": [
      "info@vouvdallas.com"
    ],
    "websiteLink": "http://www.vouvdallas.com/?utm_source=theknot.com&utm_medium=referral&utm_campaign=theknot",
    "knotPageLink": "https://www.theknot.com/marketplace/vouv-meeting-and-event-space-dallas-tx-987008"
  },
  {
    "heading": "Tynli Timber Events",
    "guestCapacity": "Up to 200",
    "socialLinks": [
      "http://Tynli Timber Events",
      "https://www.tynlitimber.com/ourspace"
    ],
    "address": "DFW & East Texas",
    "phoneNumber": "+1(469) 432-6526",
    "emailAddresses": [
      "tynlitimberevents@gmail.com"
    ],
    "websiteLink": "http://Tynli Timber Events",
    "knotPageLink": "https://www.theknot.com/marketplace/tynli-timber-events-wills-point-tx-2077777"
  },
  {
    "heading": "Hilton Dallas Park Cities",
    "guestCapacity": "Up to 250",
    "socialLinks": [
      "https://www.facebook.com/HiltonDallasParkCitiesHotel/",
      "http://www.instagram.com/https://instagram.com/hiltondallasparkcities",
      "https://www3.hilton.com/en/hotels/texas/hilton-dallas-park-cities-DALPCHF/index.html?WT.mc_id=zMKEC0US1HI2OLQ3GenPartner4Weddings_Dec5TheKnotProfile6DALPCHF7EN8i92386"
    ],
    "address": "5954 Luther Lane, Dallas, TX",
    "phoneNumber": "+1(469) 232-4948",
    "emailAddresses": [
      "jessica.daniel2@hilton.com"
    ],
    "websiteLink": "https://www3.hilton.com/en/hotels/texas/hilton-dallas-park-cities-DALPCHF/index.html?WT.mc_id=zMKEC0US1HI2OLQ3GenPartner4Weddings_Dec5TheKnotProfile6DALPCHF7EN8i92386",
    "knotPageLink": "https://www.theknot.com/marketplace/hilton-dallas-park-cities-dallas-tx-425489"
  },
  {
    "heading": "Hendo Ranch",
    "guestCapacity": "Up to 300",
    "socialLinks": [
      "https://www.facebook.com/profile.php?id=100090935607717",
      "http://www.instagram.com/hendoranchtx",
      "https://www.thehendoranch.com?utm_source=theknot.com&utm_medium=referral&utm_campaign=theknot"
    ],
    "address": "All of Texas and beyond!",
    "phoneNumber": "+1(214) 206-4280",
    "emailAddresses": [
      "giulliana@thehendoranch.com"
    ],
    "websiteLink": "https://www.thehendoranch.com?utm_source=theknot.com&utm_medium=referral&utm_campaign=theknot",
    "knotPageLink": "https://www.theknot.com/marketplace/hendo-ranch-henderson-tx-2080029"
  },
  {
    "heading": "HALL Park Hotel, Autograph Collection Hotels",
    "guestCapacity": "Up to 300",
    "socialLinks": [
      "https://www.facebook.com/hallparkhotelfrisco",
      "http://www.instagram.com/hallparkhotel",
      "http://www.pinterest.com/HALLParkHotel",
      "http://hallparkhotel.com"
    ],
    "address": "Frisco, DFW Metroplex",
    "phoneNumber": "+1(469) 922-2442",
    "emailAddresses": [
      "dclark@hallparkhotel.com"
    ],
    "websiteLink": "http://hallparkhotel.com",
    "knotPageLink": "https://www.theknot.com/marketplace/hall-park-hotel-autograph-collection-hotels-frisco-tx-2078845"
  },
  {
    "heading": "Museum Of Biblical Arts",
    "guestCapacity": "Up to 250",
    "socialLinks": [
      "https://www.facebook.com/mbaevents",
      "http://www.twitter.com/https://twitter.com/mbadallas",
      "http://www.biblicalarts.org?utm_source=theknot.com&utm_medium=referral&utm_campaign=theknot"
    ],
    "address": "7500 Park Lane, Dallas, TX",
    "phoneNumber": "+1(214) 368-4622",
    "emailAddresses": [
      "eventscoordinator@biblicalarts.orgpricing",
      "eventscoordinator@biblicalarts.org"
    ],
    "websiteLink": "http://www.biblicalarts.org?utm_source=theknot.com&utm_medium=referral&utm_campaign=theknot",
    "knotPageLink": "https://www.theknot.com/marketplace/museum-of-biblical-arts-dallas-tx-247819"
  },
  {
    "heading": "Hideout on the Horseshoe",
    "guestCapacity": "Up to 300",
    "socialLinks": [
      "http://www.facebook.com/hideoutonthehorseshoe",
      "http://www.hideoutweddings.com?utm_source=theknot.com&utm_medium=referral&utm_campaign=theknot"
    ],
    "address": "515 FM 2673, Canyon Lake, TX",
    "phoneNumber": "+1(830) 964-4540",
    "emailAddresses": [
      "aslafka@stayandfloat.com"
    ],
    "websiteLink": "http://www.hideoutweddings.com?utm_source=theknot.com&utm_medium=referral&utm_campaign=theknot",
    "knotPageLink": "https://www.theknot.com/marketplace/hideout-on-the-horseshoe-canyon-lake-tx-885883"
  },
  {
    "heading": "McNair Farm",
    "guestCapacity": "Up to 200",
    "socialLinks": [
      "https://www.facebook.com/mcnairfarmtx?mibextid=LQQJ4d",
      "http://www.instagram.com/mcnairfarmtx",
      "http://www.mcnairfarmtx.com?utm_source=theknot.com&utm_medium=referral&utm_campaign=theknot"
    ],
    "address": "2001 Mill Run Road, Athens, TX",
    "phoneNumber": "+119033163276",
    "emailAddresses": [
      "donaldglewis1@gmail.com"
    ],
    "websiteLink": "http://www.mcnairfarmtx.com?utm_source=theknot.com&utm_medium=referral&utm_campaign=theknot",
    "knotPageLink": "https://www.theknot.com/marketplace/mcnair-farm-athens-tx-2076853"
  },
  {
    "heading": "Arlington Museum of Art",
    "guestCapacity": "300+",
    "socialLinks": [
      "https://www.facebook.com/arlingtonmuseum",
      "http://www.twitter.com/https://twitter.com/arlingtonmuseum",
      "http://www.instagram.com/arlingtonmuseum",
      "https://arlingtonmuseum.org/venue-rental?utm_source=theknot.com&utm_medium=referral&utm_campaign=theknot"
    ],
    "address": "DFW Metroplex",
    "phoneNumber": "+1(817) 275-4600",
    "emailAddresses": [
      "rentals@arlingtonmuseum.org"
    ],
    "websiteLink": "https://arlingtonmuseum.org/venue-rental?utm_source=theknot.com&utm_medium=referral&utm_campaign=theknot",
    "knotPageLink": "https://www.theknot.com/marketplace/arlington-museum-of-art-arlington-tx-2078427"
  },
  {
    "heading": "Best Day Ever Ranch",
    "guestCapacity": "Up to 200",
    "socialLinks": [
      "https://www.facebook.com/bestdayeverranch/",
      "http://www.twitter.com/Bestdayeverranc",
      "http://www.instagram.com/best_day_ever_ranch/",
      "http://www.pinterest.com/bestdayeverranc/",
      "http://www.bestdayeverranch.com?utm_source=theknot.com&utm_medium=referral&utm_campaign=theknot"
    ],
    "address": "5927 Rosehill Rd, Whitewright, TX",
    "phoneNumber": "+1(903) 546-6424",
    "emailAddresses": [
      "info@bestdayeverranch.com"
    ],
    "websiteLink": "http://www.bestdayeverranch.com?utm_source=theknot.com&utm_medium=referral&utm_campaign=theknot",
    "knotPageLink": "https://www.theknot.com/marketplace/best-day-ever-ranch-whitewright-tx-961864"
  },
  {
    "heading": "The Meadows at Peninsula Ranch",
    "guestCapacity": "Up to 250",
    "socialLinks": [
      "https://www.facebook.com/The-Meadows-at-Peninsula-Ranch-107660070716359/",
      "http://www.instagram.com/Themeadowsatpeninsularanch",
      "http://peninsularanch.com/themeadows/?utm_source=theknot.com&utm_medium=referral&utm_campaign=theknot"
    ],
    "address": "Mesquite, Rockwall, Greenville, Heath",
    "phoneNumber": "+1(903) 441-4325",
    "emailAddresses": [
      "info@peninsularanch.com"
    ],
    "websiteLink": "http://peninsularanch.com/themeadows/?utm_source=theknot.com&utm_medium=referral&utm_campaign=theknot",
    "knotPageLink": "https://www.theknot.com/marketplace/the-meadows-at-peninsula-ranch-quinlan-tx-616055"
  },
  {
    "heading": "Red Farmhouse Weddings",
    "guestCapacity": "300+",
    "socialLinks": [
      "http://www.redfarmhouseweddings.com?utm_source=theknot.com&utm_medium=referral&utm_campaign=theknot"
    ],
    "address": "Central Texas, Waco, Dallas, Austin",
    "phoneNumber": "+1(315) 956-5964",
    "emailAddresses": [
      "cesikohen@gmail.com"
    ],
    "websiteLink": "http://www.redfarmhouseweddings.com?utm_source=theknot.com&utm_medium=referral&utm_campaign=theknot",
    "knotPageLink": "https://www.theknot.com/marketplace/red-farmhouse-weddings-mart-tx-2076819"
  },
  {
    "heading": "Park City Club",
    "guestCapacity": "300+",
    "socialLinks": [
      "https://www.facebook.com/parkcityclubdallas/",
      "http://www.instagram.com/Parkcityclubdallas",
      "http://www.parkcityclub.net?utm_source=theknot.com&utm_medium=referral&utm_campaign=theknot"
    ],
    "address": "5956 Sherry Lane, Suite 1700, Dallas, TX",
    "phoneNumber": "+1(214) 373-0756",
    "emailAddresses": [
      "hala@parkcityclub.net"
    ],
    "websiteLink": "http://www.parkcityclub.net?utm_source=theknot.com&utm_medium=referral&utm_campaign=theknot",
    "knotPageLink": "https://www.theknot.com/marketplace/park-city-club-dallas-tx-348864"
  },
  {
    "heading": "The Crescent Hotel Fort Worth",
    "guestCapacity": "Up to 250",
    "socialLinks": [
      "https://www.facebook.com/Crescenthotelfw/",
      "http://www.instagram.com/https://www.instagram.com/crescentfortworth/",
      "https://thecrescenthotelfortworth.com/weddings/?utm_source=theknot.com&utm_medium=referral&utm_campaign=theknot"
    ],
    "address": "3300 Camp Bowie Blvd, Fort Worth, TX",
    "phoneNumber": "+1(817) 661-1788",
    "emailAddresses": [
      "bruce.mangual@thecrescenthotelfw.com"
    ],
    "websiteLink": "https://thecrescenthotelfortworth.com/weddings/?utm_source=theknot.com&utm_medium=referral&utm_campaign=theknot",
    "knotPageLink": "https://www.theknot.com/marketplace/the-crescent-hotel-fort-worth-fort-worth-tx-2070442"
  },
  {
    "heading": "God's Gift Chapel and Event Center",
    "guestCapacity": "Up to 200",
    "socialLinks": [
      "https://www.facebook.com/p/Gods-Gift-Chapel-and-Event-Center-61550759469917/",
      "http://www.instagram.com/godsgiftchapelandeventcenter",
      "https://godsgiftvenue.com/?utm_source=theknot.com&utm_medium=referral&utm_campaign=theknot"
    ],
    "address": "450 S Loop 7, Athens, TX",
    "phoneNumber": "+119036770206",
    "emailAddresses": [
      "godsgiftvenue@gmail.com"
    ],
    "websiteLink": "https://godsgiftvenue.com/?utm_source=theknot.com&utm_medium=referral&utm_campaign=theknot",
    "knotPageLink": "https://www.theknot.com/marketplace/gods-gift-chapel-and-event-center-athens-tx-2083031"
  },
  {
    "heading": "Events at The Design Center",
    "guestCapacity": "Up to 250",
    "socialLinks": [
      "https://www.facebook.com/waltersweddingestates/",
      "http://www.instagram.com/waltersweddingestates",
      "http://www.pinterest.com/WaltersWeddingEstates",
      "http://www.waltersweddingestates.com?utm_source=theknot.com&utm_medium=referral&utm_campaign=theknot"
    ],
    "address": "Dallas and Fort Worth Metroplex",
    "phoneNumber": "+119723177464",
    "emailAddresses": [
      "designcenter@theolana.com"
    ],
    "websiteLink": "http://www.waltersweddingestates.com?utm_source=theknot.com&utm_medium=referral&utm_campaign=theknot",
    "knotPageLink": "https://www.theknot.com/marketplace/events-at-the-design-center-hickory-creek-tx-2074848"
  },
  {
    "heading": "Ruthe Jackson Center",
    "guestCapacity": "300+",
    "socialLinks": [
      "http://www.facebook.com/ruthejacksoncenter",
      "http://www.twitter.com/RutheJacksonCtr",
      "http://www.instagram.com/@ruthejacksoncenter",
      "https://ruthejacksoncenter.com?utm_source=theknot.com&utm_medium=referral&utm_campaign=theknot"
    ],
    "address": "3113 S. Carrier Pkwy, Grand Prairie, TX",
    "phoneNumber": "+1(972) 237-7506",
    "emailAddresses": [
      "callgood@gptx.org"
    ],
    "websiteLink": "https://ruthejacksoncenter.com?utm_source=theknot.com&utm_medium=referral&utm_campaign=theknot",
    "knotPageLink": "https://www.theknot.com/marketplace/ruthe-jackson-center-grand-prairie-tx-876749"
  },
  {
    "heading": "Grand Prairie Events & Convention Center",
    "guestCapacity": "300+",
    "socialLinks": [
      "https://www.concordhotels.com/opus-by-concord-hotels/?utm_source=theknot.com&utm_medium=referral&utm_campaign=theknot"
    ],
    "address": "2925 South State Highway 161, Grand Prairie, TX",
    "phoneNumber": "+1(682) 428-7311",
    "emailAddresses": [
      "carola.delcastillo@concordhotels.com"
    ],
    "websiteLink": "https://www.concordhotels.com/opus-by-concord-hotels/?utm_source=theknot.com&utm_medium=referral&utm_campaign=theknot",
    "knotPageLink": "https://www.theknot.com/marketplace/grand-prairie-events-and-convention-center-grand-prairie-tx-2077306"
  },
  {
    "heading": "The Beaumont Guest Ranch & Event Center",
    "guestCapacity": "300+",
    "socialLinks": [
      "https://www.facebook.com/beaumontranch",
      "http://www.beaumontranch.com/weddings?utm_source=theknot.com&utm_medium=referral&utm_campaign=theknot"
    ],
    "address": "10736 County Road 102, Grandview, TX",
    "phoneNumber": "+1(817) 866-4867",
    "emailAddresses": [
      "information@beaumontranch.com"
    ],
    "websiteLink": "http://www.beaumontranch.com/weddings?utm_source=theknot.com&utm_medium=referral&utm_campaign=theknot",
    "knotPageLink": "https://www.theknot.com/marketplace/the-beaumont-guest-ranch-and-event-center-grandview-tx-281881"
  },
  {
    "heading": "Bella Woods Wedding and Events Center",
    "guestCapacity": "Up to 300",
    "socialLinks": [
      "https://www.facebook.com/bellawoodsevents/?fref=ts",
      "http://www.twitter.com/@bellawoodsevent",
      "http://www.instagram.com/Bellawoodsevents",
      "http://www.pinterest.com/BellaWoodsEvents",
      "http://bellawoods.events?utm_source=theknot.com&utm_medium=referral&utm_campaign=theknot"
    ],
    "address": "1888 N 9th St, Midlothian, TX",
    "phoneNumber": "+1(469) 569-8450",
    "emailAddresses": [
      "bellawoodsevents@gmail.com"
    ],
    "websiteLink": "http://bellawoods.events?utm_source=theknot.com&utm_medium=referral&utm_campaign=theknot",
    "knotPageLink": "https://www.theknot.com/marketplace/bella-woods-wedding-and-events-center-midlothian-tx-993371"
  },
  {
    "heading": "Texas Star Golf Course and Conference Center",
    "guestCapacity": "Up to 300",
    "socialLinks": [
      "http://www.facebook.com/texasstargolf",
      "http://www.twitter.com/TexasStarGolf",
      "http://www.instagram.com/txstarconference",
      "https://www.texasstargolf.com/conference-centre/meetings-functions/weddings?utm_source=theknot.com&utm_medium=referral&utm_campaign=theknot"
    ],
    "address": "1400 Texas Star Parkway, Euless, TX",
    "phoneNumber": "+1(817) 685-1849",
    "emailAddresses": [
      "admintxstar@eulesstx.gov"
    ],
    "websiteLink": "https://www.texasstargolf.com/conference-centre/meetings-functions/weddings?utm_source=theknot.com&utm_medium=referral&utm_campaign=theknot",
    "knotPageLink": "https://www.theknot.com/marketplace/texas-star-golf-course-and-conference-center-euless-tx-509747"
  },
  {
    "heading": "Lovers Lane United Methodist Church",
    "guestCapacity": "300+",
    "socialLinks": [
      "https://www.facebook.com/loverslaneumc",
      "http://www.twitter.com/LoversLaneUMC",
      "http://www.instagram.com/loverslaneweddingsdfw",
      "http://llumc.org/weddings/?utm_source=theknot.com&utm_medium=referral&utm_campaign=theknot"
    ],
    "address": "9200 Inwood Road, Dallas, TX",
    "phoneNumber": "+1(214) 706-9523",
    "emailAddresses": [
      "weddings@llumc.org"
    ],
    "websiteLink": "http://llumc.org/weddings/?utm_source=theknot.com&utm_medium=referral&utm_campaign=theknot",
    "knotPageLink": "https://www.theknot.com/marketplace/lovers-lane-united-methodist-church-dallas-tx-509704"
  }
]